q,in_situ_GIWAXS_1,in_situ_GIWAXS_2,in_situ_GIWAXS_3,in_situ_GIWAXS_4,in_situ_GIWAXS_5
0.001935348447275183,3.1807406,2.1563525,2.640893,2.0426877,2.750648
0.005806045341825549,2.833657,2.6647968,2.4129379,2.768813,2.7942336
0.009676742236375914,3.6807625,2.5640905,2.7617788,2.8999624,2.8733504
0.013547439130926282,3.3417242,3.0506735,2.9863007,3.2068663,2.431401
0.017418136025476646,3.0993223,2.848338,2.8855937,2.9844024,2.78314
0.021288832920027013,2.7329113,2.5919778,3.053613,2.6799293,2.6092045
0.025159529814577378,2.8081212,2.7456574,2.8111408,2.7842937,2.6301115
0.029030226709127745,2.9101765,2.776417,2.845299,2.9149728,2.6173797
0.032900923603678106,3.1499326,2.5617087,2.8799806,2.8422432,2.7278664
0.03677162049822847,3.231299,2.6741052,2.945956,2.9218936,2.641932
0.04064231739277884,3.1611025,2.5708458,2.836952,2.6146345,2.6289473
0.044513014287329206,2.9832296,2.844765,2.567955,2.7550516,2.6569731
0.04838371118187957,3.0544927,2.9845335,2.7515864,2.8727481,2.5608082
0.05225440807642994,3.0746322,2.8329196,2.935648,2.816084,2.7738464
0.05612510497098031,3.192001,2.703947,2.762484,2.7882097,2.7483337
0.059995801865530676,3.0605156,2.8047137,2.7151372,2.7986774,2.631337
0.06386649876008103,3.1070573,2.999076,2.9749165,3.0309734,2.6720252
0.0677371956546314,3.4848354,3.3261745,3.2759118,3.4087894,3.1678
0.07160789254918176,5.031391,4.4463463,4.3399034,3.7963626,3.7279885
0.07547858944373215,7.523814,6.1270127,5.868856,5.04626,4.6882615
0.0793492863382825,10.511387,8.747138,7.585052,6.644962,5.9985266
0.08321998323283286,13.914522,11.919441,10.072846,8.328794,7.833056
0.08709068012738325,17.93732,14.582924,12.560009,10.379945,9.682059
0.0909613770219336,21.63869,17.120827,14.352452,12.425082,11.174812
0.09483207391648396,25.759432,19.749634,16.867357,15.057288,12.881611
0.09870277081103433,30.267267,23.12737,19.363518,16.50809,14.389929
0.10257346770558469,34.065044,26.389647,21.920084,18.56592,15.908109
0.10644416460013506,39.0698,30.538315,25.330324,21.576248,18.557295
0.11031486149468545,47.668808,37.174404,30.926105,27.008858,23.255861
0.11418555838923579,56.817646,45.08854,38.370296,33.248417,29.103914
0.11805625528378616,69.38673,55.20108,46.936054,41.9852,37.018116
0.12192695217833652,83.20929,66.99453,56.36763,50.247234,44.989933
0.1257976490728869,97.67063,78.29849,66.86092,59.252945,53.678776
0.12966834596743726,109.64888,88.50743,77.17178,68.55631,61.243713
0.13353904286198762,120.591484,96.25208,84.73972,75.283455,68.104546
0.137409739756538,131.18576,104.628624,90.93751,82.03074,74.67377
0.14128043665108833,139.76326,111.18091,97.399734,87.226166,79.46616
0.14515113354563872,147.58954,118.08255,103.26753,91.51518,83.87979
0.1490218304401891,155.46072,124.23202,109.01241,96.74262,88.35802
0.15289252733473946,163.02014,129.55444,113.35802,100.426155,92.64671
0.15676322422928982,169.55356,134.16457,117.94456,103.50866,95.67864
0.1606339211238402,168.87479,133.30428,116.61819,102.99826,93.384865
0.16450461801839056,164.9048,130.01698,113.2818,100.18552,91.635025
0.16837531491294092,165.51642,131.72984,114.58216,101.45117,93.68414
0.1722460118074913,204.50545,168.96495,147.56175,133.42883,123.17608
0.17611670870204166,386.86856,332.64,296.43494,268.96072,256.72418
0.17998740559659201,558.941,490.44193,444.72632,408.57092,395.56357
0.18385810249114237,607.8296,536.8858,489.37967,451.6467,439.14542
0.18772879938569276,593.49774,523.02045,478.0149,438.87033,428.13174
0.19159949628024311,562.98615,496.03912,452.40866,413.5432,405.12067
0.19547019317479347,528.22876,460.15518,420.56165,384.24896,373.20328
0.19934089006934386,489.28488,427.13266,387.24152,353.5088,342.76953
0.2032115869638942,466.64603,405.0749,364.97565,333.23737,322.5552
0.20708228385844457,441.69778,380.9196,343.23218,311.9937,300.4763
0.21095298075299496,421.04224,361.80792,325.25296,293.45892,282.6721
0.2148236776475453,397.21085,338.88998,304.69983,274.75882,262.95633
0.2186943745420957,377.51743,320.9759,288.1326,258.49915,247.67001
0.22256507143664603,361.57208,305.844,273.4225,245.48094,235.04408
0.22643576833119639,348.36954,293.61197,261.6401,234.49257,222.67545
0.23030646522574677,333.98508,281.10657,249.72151,222.39795,211.86136
0.23417716212029716,321.09177,267.55145,239.20616,211.06842,201.34557
0.2380478590148475,309.78732,257.47067,227.52858,202.41428,192.316
0.24191855590939784,301.67538,249.80798,220.93996,195.27785,183.8778
0.24578925280394823,292.58838,241.0091,213.97423,189.64693,177.41928
0.24965994969849858,282.65012,232.03369,204.72777,181.24324,169.495
0.25353064659304897,276.04376,225.99092,198.08224,175.05873,163.21999
0.25740134348759935,268.2104,219.23712,192.16635,169.95953,156.56715
0.2612720403821497,264.32217,214.15048,187.80458,165.13998,153.47273
0.26514273727670007,256.9079,208.50937,181.37679,159.23476,147.86462
0.2690134341712504,251.24615,202.33316,177.2826,155.04686,143.73077
0.2728841310658008,246.48247,199.01958,173.52393,151.64905,140.39351
0.27675482796035117,243.14667,194.23482,169.56029,148.15283,136.44138
0.2806255248549015,238.41313,190.6667,166.14726,144.48254,133.00114
0.2844962217494519,235.66667,186.43292,162.2562,141.32109,129.88411
0.28836691864400227,231.55275,183.53737,159.7826,138.79715,127.32388
0.2922376155385526,228.5349,181.50679,157.27002,136.283,124.87024
0.296108312433103,226.49059,179.187,154.87755,134.69298,123.02596
0.29997900932765337,223.10365,176.58629,152.34648,132.50705,121.15064
0.3038497062222037,220.11581,173.33543,149.48672,130.2394,118.51799
0.3077204031167541,217.57176,171.22649,148.09448,128.26219,117.00493
0.31159110001130447,217.15735,169.15392,146.90636,126.4485,115.712685
0.31546179690585485,214.41382,167.42596,144.84895,124.81225,114.29851
0.3193324938004052,212.35403,165.8115,142.8122,123.62534,112.422966
0.3232031906949555,211.23413,163.98,141.46025,122.332924,110.70742
0.3270738875895059,210.44873,163.3382,141.43883,121.4532,110.1888
0.3309445844840563,208.52116,162.25423,140.1241,120.10763,109.584595
0.33481528137860667,207.262,160.72626,138.66028,119.03018,108.05239
0.33868597827315705,206.72618,159.6322,137.88907,118.14888,107.36614
0.3425566751677074,205.86542,158.89871,136.95105,117.6273,106.86067
0.3464273720622577,204.66484,157.90495,135.96973,117.25191,106.11847
0.3502980689568081,202.31883,157.07802,135.55989,115.55503,104.90206
0.3541687658513585,202.59401,155.76976,134.5179,115.62155,104.493385
0.35803946274590887,201.3232,154.71571,133.886,114.91756,104.26016
0.36191015964045925,201.32605,154.84238,133.51984,114.26533,103.89556
0.3657808565350096,200.9646,154.37932,132.17256,113.72822,103.61431
0.3696515534295599,200.36598,152.51775,131.94476,112.771736,102.67959
0.3735222503241103,200.05383,152.30974,131.37737,113.04817,102.72118
0.3773929472186607,199.37926,152.98314,131.68001,113.28373,101.9812
0.38126364411321106,198.99687,151.6372,131.19112,112.36121,102.03741
0.3851343410077614,198.7242,152.0512,131.47836,112.58017,102.02671
0.3890050379023118,198.25342,151.78394,130.934,112.59088,102.09978
0.3928757347968621,198.63277,150.89514,130.99303,112.349884,101.81475
0.3967464316914125,198.08789,151.31815,130.7861,112.18898,102.47641
0.4006171285859629,197.8638,151.20888,130.77518,112.225685,102.281525
0.40448782548051315,197.08328,150.6103,130.42467,112.82566,102.39777
0.40835852237506354,197.00826,150.69196,130.50691,112.75987,102.30056
0.4122292192696139,197.54713,150.70383,129.91548,112.6112,101.89282
0.4160999161641643,197.31137,150.18912,130.57321,112.223854,101.67871
0.41997061305871464,196.61696,150.55222,129.95218,112.04521,101.60656
0.423841309953265,196.5433,150.73293,129.63194,111.950294,101.43144
0.4277120068478154,197.10211,150.27498,130.30121,112.04334,101.52637
0.4315827037423658,196.9694,150.14769,129.29202,112.09404,101.74155
0.4354534006369162,196.4755,149.80817,129.25815,111.49635,101.139694
0.43932409753146645,195.89955,148.70963,129.22261,111.354645,101.12704
0.44319479442601684,195.48991,148.44824,129.62343,111.68976,101.10024
0.44706549132056717,195.80171,149.20988,128.8363,111.477104,100.82691
0.45093618821511755,195.48508,148.96898,128.773,111.27351,100.695724
0.45480688510966794,195.46056,148.69052,128.69556,111.21647,100.55688
0.4586775820042183,195.95715,148.91403,128.97696,110.957535,100.95541
0.4625482788987687,195.15318,149.23065,128.61235,110.8948,101.21596
0.46641897579331904,194.81142,148.96857,128.73447,110.74144,100.98286
0.4702896726878694,194.97038,148.5819,128.66797,110.706764,101.18854
0.4741603695824198,195.2661,148.38492,128.37558,111.03654,100.694435
0.4780310664769701,195.10338,147.89642,128.90654,111.097435,100.77514
0.48190176337152046,194.77553,148.21324,128.96146,111.3615,100.98657
0.48577246026607085,195.19586,148.13657,129.05714,111.07618,101.16292
0.48964315716062123,195.77203,147.8186,128.47609,111.17461,100.954445
0.49351385405517156,195.38213,148.50923,128.88838,111.26054,100.91966
0.49738455094972195,194.54973,148.40213,128.79843,111.025276,100.731285
0.5012552478442723,193.90381,148.0045,128.48825,110.47824,100.73969
0.5051259447388227,193.78526,147.70798,127.6883,110.60904,100.847595
0.5089966416333731,185.09013,139.72594,122.11162,105.55637,96.01211
0.5128673385279234,180.03958,136.63022,119.32252,102.649536,93.30328
0.5167380354224739,178.1835,134.79121,117.34811,101.61866,92.132256
0.5206087323170241,176.947,133.28899,115.69706,99.85006,90.94188
0.5244794292115745,174.58638,132.10214,115.211945,98.75502,90.05173
0.5283501261061249,173.30006,130.93047,113.75427,98.12731,89.50543
0.5322208230006752,171.97237,129.85098,112.753494,97.91254,89.326904
0.5360915198952256,170.64212,128.22621,112.4385,96.89768,88.125824
0.539962216789776,168.99254,127.361015,111.39112,95.76376,87.06732
0.5438329136843264,167.2381,126.458374,110.007484,95.041306,86.211655
0.5477036105788767,167.26459,125.94365,109.255325,94.22985,85.559525
0.5515743074734271,167.43481,125.871376,109.69789,94.311356,86.15127
0.5554450043679775,167.57639,126.078865,109.812675,94.34439,85.607956
0.5593157012625277,169.68977,127.81069,111.1778,95.82351,86.6438
0.5631863981570782,178.2191,135.29837,117.97771,102.10665,92.77856
0.5670570950516285,182.25851,139.05653,121.605675,105.47652,96.1457
0.5709277919461789,186.10991,141.64801,123.97371,107.61482,98.75899
0.5747984888407293,187.65236,143.18907,125.22447,108.80407,100.22261
0.5786691857352796,188.52135,144.20255,126.740425,110.251945,100.81803
0.58253988262983,189.90245,145.75372,127.76387,110.9248,101.679794
0.5864105795243804,191.60693,146.90297,128.87128,111.91113,103.04801
0.5902812764189308,192.44366,147.259,129.64153,113.162605,103.98803
0.5941519733134811,193.2307,148.76299,131.11635,114.4398,104.62749
0.5980226702080315,194.89377,150.06323,132.50208,115.98878,106.6345
0.6018933671025818,196.41756,151.64357,133.5012,117.33296,108.15758
0.6057640639971322,197.95145,153.41281,135.88928,118.62331,109.37969
0.6096347608916826,199.11038,154.28174,137.64449,120.79236,111.36045
0.6135054577862329,201.05292,156.20285,139.1381,122.02833,113.205795
0.6173761546807833,202.48413,157.58566,140.52536,123.62894,114.45383
0.6212468515753337,204.03816,159.00462,142.51868,125.591324,116.245575
0.6251175484698841,205.65877,160.10379,143.64099,126.85753,117.85906
0.6289882453644344,206.28606,160.93298,144.9949,128.21913,118.92994
0.6328589422589848,207.31424,162.18459,146.06131,129.55225,120.24897
0.6367296391535352,208.42023,163.05994,147.06122,130.58818,120.81393
0.6406003360480855,209.57826,164.46155,148.30287,132.0456,122.19524
0.6444710329426359,211.21555,165.85469,149.96898,133.1392,124.07369
0.6483417298371862,212.73483,167.38054,151.65016,135.00072,125.301285
0.6522124267317366,214.81746,168.68073,153.22446,136.39539,127.30211
0.656083123626287,215.54422,170.75912,155.53096,138.36832,129.09854
0.6599538205208373,217.27412,172.48824,157.43456,140.42166,131.12457
0.6638245174153877,219.85754,174.51093,160.57129,142.53017,133.53894
0.6676952143099381,222.07066,178.00008,162.81836,146.17316,136.4709
0.6715659112044885,225.4268,180.07144,165.52539,149.2864,139.1997
0.6754366080990388,228.85902,184.20659,169.84186,153.13052,143.43123
0.6793073049935892,232.73643,188.20099,174.31062,157.04448,147.97084
0.6831780018881396,237.53241,192.93233,179.5954,162.05782,153.39932
0.6870486987826898,243.16583,198.3946,185.20958,168.38051,159.61287
0.6909193956772403,249.60503,205.03027,192.66943,175.99179,166.47618
0.6947900925717906,257.489,212.93243,201.91628,184.95728,175.59828
0.698660789466341,267.75574,223.50652,213.55673,195.88354,186.6785
0.7025314863608914,279.73566,234.46484,226.38712,209.10416,199.33043
0.7064021832554417,295.26636,249.67258,243.47115,226.0293,215.48361
0.7102728801499921,314.26978,270.54706,265.47092,248.0537,238.05644
0.7141435770445425,341.0827,297.1414,295.30585,277.59692,267.73007
0.7180142739390929,373.71506,330.87894,334.2475,316.7217,305.52817
0.7218849708336432,417.3121,375.23315,384.16248,366.6635,355.1898
0.7257556677281936,476.69104,436.88547,454.6317,437.41742,425.93192
0.7296263646227439,556.8755,519.3259,549.99133,534.6364,520.9384
0.7334970615172942,656.0381,623.7531,670.6719,657.0521,644.39777
0.7373677584118447,780.7127,756.09247,827.2721,816.6947,804.46075
0.741238455306395,946.6369,932.46796,1034.3009,1031.2507,1023.0578
0.7451091522009454,1153.4934,1155.966,1297.7278,1304.5441,1303.0144
0.7489798490954958,1399.9968,1420.405,1612.9949,1632.5822,1640.189
0.7528505459900461,1691.6351,1738.9507,1989.8833,2031.3156,2049.301
0.7567212428845965,2083.204,2160.6738,2489.3257,2556.0566,2592.877
0.7605919397791469,2542.8171,2655.1687,3071.4143,3164.594,3219.3787
0.7644626366736973,3037.196,3186.7227,3685.083,3803.0112,3882.993
0.7683333335682475,3564.8813,3749.5354,4322.2036,4463.5264,4565.008
0.772204030462798,4126.399,4339.3843,4966.125,5120.9756,5247.4546
0.7760747273573483,4331.943,4539.566,5140.0312,5292.648,5422.0137
0.7799454242518986,4187.679,4373.7954,4895.2935,5020.343,5148.205
0.783816121146449,3732.2915,3877.4617,4287.5435,4382.939,4491.724
0.7876868180409994,3045.5723,3139.0842,3432.851,3494.275,3583.1401
0.7915575149355498,2327.7942,2381.3308,2581.7817,2618.6763,2682.9558
0.7954282118301002,1735.914,1759.0662,1893.835,1914.8397,1957.7793
0.7992989087246505,1292.552,1295.3009,1385.9266,1395.147,1422.403
0.803169605619201,975.7716,961.89166,1023.5039,1026.2645,1040.468
0.8070403025137513,774.45026,751.813,793.75964,791.0542,798.74176
0.8109109994083017,642.09595,613.875,642.8647,636.554,640.43585
0.814781696302852,551.6161,519.2306,539.77466,530.32794,530.26825
0.8186523931974025,486.66568,450.85117,463.35342,452.96365,450.88672
0.8225230900919528,427.95306,391.24652,398.8699,387.61548,384.43622
0.8263937869865032,387.00897,349.97318,353.8072,341.47375,336.78806
0.8302644838810536,357.35513,319.41718,320.00485,307.78775,301.96582
0.8341351807756038,334.0769,294.6485,293.78186,281.14856,275.1548
0.8380058776701542,316.09842,275.82236,273.85135,260.37106,253.95335
0.8418765745647045,301.33398,261.82376,257.99173,243.83948,237.18056
0.845747271459255,290.09753,249.84442,244.79189,230.30003,223.36096
0.8496179683538053,280.31003,239.86278,233.70723,218.80505,212.01215
0.8534886652483558,271.9179,231.77522,224.79152,210.53847,202.97092
0.8573593621429061,265.48395,224.52199,216.51866,202.48376,194.58203
0.8612300590374565,259.25223,218.80554,210.14442,196.22308,188.59619
0.8651007559320067,254.54959,213.36089,204.96326,190.8214,182.78029
0.8689714528265573,250.53052,209.19658,200.66072,185.72882,177.89603
0.8728421497211075,246.48462,205.42596,196.13454,180.94975,173.00922
0.8767128466156578,242.55273,201.58115,191.29051,176.71243,169.49583
0.8805835435102083,239.06265,197.82228,188.15384,172.96886,165.6275
0.8844542404047586,235.86365,194.76361,185.31387,169.6861,162.07771
0.8883249372993091,233.48895,192.60304,181.69008,166.63963,158.86392
0.8921956341938593,230.7237,189.62276,178.4595,163.62267,155.78394
0.8960663310884098,228.1218,187.3335,176.44058,161.1959,153.55397
0.89993702798296,225.87848,185.3406,174.00926,159.10088,151.19582
0.9038077248775105,224.2339,183.07166,171.54272,156.55246,148.8627
0.9076784217720608,222.3084,181.27647,169.42961,154.55501,147.03658
0.9115491186666111,220.6742,179.38666,167.50499,152.72705,144.91522
0.9154198155611616,218.67867,178.2963,165.67189,151.00104,143.15701
0.9192905124557118,217.69923,176.51418,164.12633,149.32458,141.25285
0.9231612093502624,215.34341,174.57152,161.76527,147.67657,139.36977
0.9270319062448126,214.26718,173.37173,160.6937,146.22705,138.21214
0.930902603139363,212.92007,171.54686,159.39099,144.32903,136.51233
0.9347733000339133,211.2072,170.56673,157.79187,142.98685,134.83194
0.9386439969284638,209.25691,169.56303,156.72797,141.31557,133.43687
0.9425146938230141,208.20241,167.72977,155.51694,140.62154,132.60237
0.9463853907175646,207.69891,166.83282,154.49892,139.47685,131.58725
0.9502560876121149,206.73955,165.4314,153.4198,138.41376,130.4724
0.9541267845066651,205.74165,164.73363,152.45221,137.3262,129.31912
0.9579974814012155,204.68578,164.15976,150.99486,136.2488,128.75385
0.9618681782957659,203.9129,163.52892,150.04346,134.9389,127.23639
0.9657388751903163,203.30038,162.55713,149.38968,134.95735,126.344734
0.9696095720848666,202.60008,161.88188,148.73788,134.3706,125.95895
0.9734802689794171,201.79497,161.3142,148.1781,133.62982,125.338
0.9773509658739674,200.97289,160.334,147.31602,132.52863,124.59919
0.9812216627685179,200.41151,160.1121,146.79286,131.98161,124.15392
0.9850923596630681,200.04706,159.4706,146.2941,131.6629,123.67436
0.9889630565576186,198.97762,158.9896,145.8875,130.99739,122.9974
0.9928337534521688,198.96912,158.48047,145.80269,130.76279,122.98736
0.9967044503467192,198.48038,158.08067,145.39026,130.19823,122.290794
1.0005751472412696,197.84995,157.60037,144.93587,129.99413,121.84466
1.00444584413582,197.25346,157.5482,144.45284,129.396,121.970726
1.0083165410303703,197.15732,157.30482,144.52809,130.04352,122.450584
1.0121872379249206,196.84901,157.14923,144.31396,129.89139,122.11275
1.0160579348194712,196.46043,157.06175,144.42963,129.97415,122.1816
1.0199286317140215,196.95978,157.32776,144.62015,130.37886,122.4153
1.0237993286085718,196.43582,157.67708,144.94896,130.60776,123.01226
1.0276700255031221,197.1331,157.93608,145.67593,131.1455,123.409904
1.0315407223976727,197.10881,158.0054,146.27405,131.9822,124.18167
1.0354114192922228,197.98761,158.93059,146.95482,132.13959,124.88616
1.0392821161867731,198.2329,159.77434,147.57158,133.14159,125.96408
1.0431528130813237,198.80258,160.4488,148.22119,134.43501,126.84564
1.047023509975874,199.63184,160.88373,149.27805,135.27142,127.64299
1.0508942068704243,200.69305,162.15732,150.20659,136.65694,128.85184
1.0547649037649747,200.89313,163.05122,151.12842,137.94359,129.90678
1.0586356006595252,202.26411,163.8445,152.52411,139.01537,131.51746
1.0625062975540753,202.69655,164.9673,153.76822,140.15907,132.30746
1.0663769944486259,203.44914,165.40587,154.48375,141.05396,133.43744
1.0702476913431762,204.45793,166.67094,156.24338,142.24564,135.09596
1.0741183882377265,205.6363,167.85071,157.04291,143.22882,135.98413
1.0779890851322769,206.4079,168.86911,157.48024,144.56004,137.33606
1.0818597820268272,207.13013,169.51013,158.67186,145.58032,138.49232
1.0857304789213778,208.05145,170.7204,160.01038,146.50279,139.50932
1.0896011758159279,208.5816,171.30162,160.76416,147.99124,140.8001
1.0934718727104784,209.42888,172.27243,162.04408,148.91068,141.78394
1.0973425696050287,209.5085,172.60963,163.04907,149.81009,142.12592
1.101213266499579,210.30771,173.36414,163.56662,150.13214,142.76183
1.1050839633941294,210.62885,173.63747,163.94637,150.66983,143.93736
1.10895466028868,210.67557,174.10085,164.29987,151.22212,144.39397
1.1128253571832303,211.11284,174.22005,164.5884,151.43709,144.83669
1.1166960540777804,211.29198,174.66405,165.03781,151.86264,145.046
1.120566750972331,211.62344,174.60112,165.27979,152.25284,145.2338
1.1244374478668813,211.22142,174.90916,165.138,152.73152,145.43976
1.1283081447614316,211.68697,175.54001,165.62209,152.73573,145.5701
1.132178841655982,212.05983,174.95583,165.83315,152.63025,146.22664
1.1360495385505325,211.89206,174.9911,166.03389,152.7399,146.49803
1.1399202354450828,211.5104,175.3577,165.9254,152.4059,146.34634
1.1437909323396331,211.07988,175.18994,165.73773,152.17152,145.78633
1.1476616292341835,211.21393,174.43742,165.57733,152.33588,145.40991
1.151532326128734,210.21918,174.14616,164.86067,151.25563,145.00674
1.1554030230232841,208.29057,172.25163,163.0859,149.87434,143.40686
1.1592737199178345,206.08974,170.358,161.94066,149.0261,142.41301
1.163144416812385,203.96513,169.25323,160.41692,147.67197,141.18921
1.1670151137069353,202.87558,168.10738,158.96533,146.90077,140.19293
1.1708858106014857,201.8398,166.88127,157.58066,145.97235,139.48071
1.174756507496036,200.31006,166.09715,156.43486,144.58278,138.0556
1.1786272043905865,199.02744,164.45679,155.16351,143.45993,136.91412
1.1824979012851367,197.49503,163.91136,154.4788,142.63977,136.17235
1.1863685981796872,196.04474,162.51744,153.38097,141.51765,135.04842
1.1902392950742375,194.6187,160.97665,152.39098,140.30794,133.52058
1.1941099919687879,193.04257,159.2586,150.74219,138.53935,132.63768
1.1979806888633382,191.49379,158.42062,149.3979,137.32802,131.23143
1.2018513857578885,190.14749,156.95854,148.19025,136.19016,129.71025
1.205722082652439,189.49782,156.41017,147.10098,134.9877,128.6313
1.2095927795469894,189.66286,156.06969,146.95287,134.34175,128.34491
1.2134634764415397,189.01373,155.49829,146.1806,133.7092,127.73264
1.21733417333609,188.71881,154.79787,145.0991,132.57538,126.180046
1.2212048702306406,188.01515,154.11263,144.28058,131.44174,125.61355
1.2250755671251907,187.214,153.4,143.383,130.76115,124.46198
1.2289462640197413,186.07468,151.89284,142.07527,129.55733,122.86326
1.2328169609142916,185.14064,151.26138,141.07492,128.5826,121.76716
1.236687657808842,184.42441,150.46504,139.96494,127.69166,120.74915
1.2405583547033923,183.5578,149.68692,138.88368,126.83773,120.09901
1.2444290515979426,182.76094,148.9874,137.91527,125.79473,119.275375
1.2482997484924931,181.81433,147.82767,137.47711,124.90044,118.43302
1.2521704453870433,181.38153,147.49,136.90628,124.38445,118.31023
1.2560411422815938,181.18034,147.11232,136.51373,123.597145,117.162834
1.2599118391761441,180.53175,145.96309,135.59476,123.25199,116.6946
1.2637825360706945,179.79813,145.49878,134.87106,122.70665,115.76048
1.2676532329652448,178.88347,144.7033,134.32924,121.86678,115.46698
1.2715239298597953,178.22632,144.26833,133.80992,121.39633,114.885635
1.2753946267543457,177.2825,144.20761,132.81241,120.801636,114.12286
1.279265323648896,176.98584,143.54558,132.27669,120.597565,113.56401
1.2831360205434463,176.12306,142.64062,132.19421,120.13262,113.13249
1.2870067174379967,175.7569,142.1173,131.38039,119.22189,112.64093
1.290877414332547,175.2598,141.7775,131.03278,118.64906,112.21723
1.2947481112270973,174.78116,141.39986,130.69066,118.43133,112.03442
1.2986188081216479,174.4179,141.3446,130.53638,118.1265,111.66421
1.3024895050161982,173.72437,140.90793,130.20967,117.816734,111.30995
1.3063602019107485,173.55309,139.83124,129.65488,117.79385,111.00486
1.3102308988052989,172.87288,139.84174,129.25087,117.35034,110.79329
1.3141015956998494,172.28561,139.44891,128.69392,117.27357,110.58441
1.3179722925943995,172.17468,139.37683,129.05005,117.01476,110.41566
1.32184298948895,171.6716,139.56438,128.95265,116.47971,110.491295
1.3257136863835004,171.52698,139.14973,128.71758,116.46374,110.3574
1.3295843832780507,170.94899,139.05574,128.38467,116.14149,110.143135
1.333455080172601,170.86215,138.46141,127.88594,116.02925,110.15017
1.3373257770671514,171.04236,138.64502,127.73927,116.08686,109.48955
1.341196473961702,170.2039,138.111,127.80417,115.996254,109.5337
1.345067170856252,169.70181,138.0835,127.189575,116.03034,109.73128
1.3489378677508026,169.4627,137.87459,127.046394,115.590256,109.491104
1.352808564645353,169.75389,137.49254,127.16234,115.54226,109.20967
1.3566792615399033,169.52666,137.65718,127.32212,115.395805,109.554985
1.3605499584344536,169.41183,137.3124,127.02515,115.05521,109.76736
1.3644206553290041,169.0583,137.23363,126.99398,115.793526,109.50078
1.3682913522235545,169.0506,137.2648,127.10175,115.76483,109.29091
1.3721620491181046,168.73798,137.18024,126.68045,115.45501,109.12625
1.3760327460126551,168.71869,137.18683,127.01613,115.51037,109.14765
1.3799034429072055,168.26857,137.27512,126.801315,115.62372,109.13634
1.3837741398017558,168.765,137.14345,127.002846,115.706154,109.451096
1.3876448366963061,167.93137,137.10066,127.01631,116.21529,109.72345
1.3915155335908567,168.3693,137.63179,127.38696,116.23337,109.91349
1.395386230485407,168.91231,137.57748,127.41354,116.34375,110.092316
1.3992569273799573,168.3731,137.83612,127.505646,115.90243,110.58235
1.4031276242745077,171.94487,140.4915,130.38599,118.82482,112.90734
1.406998321169058,175.69829,143.51793,133.05603,121.91386,115.47567
1.4108690180636083,177.75293,145.52345,135.03798,123.57238,116.98584
1.4147397149581586,179.6004,146.97519,136.6417,124.71788,118.41536
1.4186104118527092,181.11545,148.11584,138.10738,126.20858,119.72815
1.4224811087472595,182.15651,149.38452,138.78973,127.3239,120.98793
1.4263518056418099,183.34996,150.71971,140.26105,128.0415,121.98048
1.4302225025363602,184.33472,151.23804,141.04243,128.81618,123.032486
1.4340931994309107,185.1032,152.1612,142.23622,130.27893,123.95031
1.4379638963254608,186.09673,153.21707,142.78993,131.25809,124.72606
1.4418345932200114,187.17706,154.20403,144.05183,132.23457,125.61911
1.4457052901145617,187.97914,155.14848,145.0162,133.17354,126.690414
1.449575987009112,188.95555,155.89871,145.87404,133.79109,127.48589
1.4534466839036624,189.6806,156.88708,146.32178,135.04019,128.40582
1.4573173807982127,190.84608,157.76128,147.66411,135.68271,129.22893
1.4611880776927633,190.96002,158.41005,148.27084,136.34077,130.41493
1.4650587745873134,192.21053,159.2083,148.97462,137.54994,130.77643
1.468929471481864,192.63927,160.2406,150.21115,137.8971,131.78648
1.4728001683764143,193.70409,160.65298,151.46121,139.33354,132.72122
1.4766708652709646,194.78064,161.4337,151.73433,140.2703,133.55037
1.480541562165515,194.98155,162.61569,152.84149,141.1426,134.5265
1.4844122590600655,195.50102,163.12662,153.85374,141.99226,135.10742
1.4882829559546158,196.67346,163.68753,155.0064,142.668,136.18094
1.492153652849166,197.52924,164.57115,155.58319,143.73834,137.63417
1.4960243497437165,198.3926,165.83197,156.64052,144.79703,138.41046
1.4998950466382668,199.45381,167.30588,157.93686,146.27866,139.50328
1.5037657435328171,200.0439,168.28766,159.34846,146.97284,141.05466
1.5076364404273674,201.01875,168.97255,160.29486,148.98509,142.41774
1.511507137321918,202.23482,170.25621,161.87634,150.33192,143.38748
1.5153778342164683,203.51328,171.52928,162.77768,151.21968,145.21045
1.5192485311110187,205.39098,172.98973,164.29428,152.90384,146.88544
1.523119228005569,207.23296,174.38673,165.9081,154.45717,148.58104
1.5269899249001195,207.95737,176.10535,167.50151,156.15875,150.4283
1.5308606217946696,209.53783,177.27254,169.45494,157.96085,151.83765
1.53473131868922,211.27463,179.04286,171.72284,160.19064,154.03331
1.5386020155837705,212.41797,180.63504,172.90683,161.5958,156.2237
1.5424727124783209,213.95331,182.31517,175.14166,163.43578,158.10387
1.5463434093728712,215.46007,184.1139,177.15982,165.53635,159.71819
1.5502141062674215,217.15587,185.66382,178.60898,167.58931,161.28163
1.554084803161972,219.0852,187.71832,180.47086,169.2311,163.42792
1.5579555000565222,220.33011,188.93379,182.08539,170.9046,165.75638
1.5618261969510727,221.2838,190.02641,183.21788,172.63692,167.2623
1.565696893845623,222.97415,191.75581,185.26816,174.30692,168.35594
1.5695675907401734,223.99234,192.60771,186.23749,175.926,169.75812
1.5734382876347237,225.04655,193.50002,187.95882,176.7359,170.55023
1.577308984529274,225.63873,194.52985,189.00899,177.5606,172.12714
1.5811796814238246,226.72961,195.48337,189.83655,178.75456,172.9279
1.5850503783183747,228.00279,196.67448,190.52899,179.90166,174.05176
1.5889210752129252,228.26292,197.38005,191.64032,181.09744,174.58784
1.5927917721074756,228.80101,198.5937,192.82553,182.58948,176.68457
1.596662469002026,229.90453,199.89561,194.48343,183.52617,177.83228
1.6005331658965762,231.74312,201.00891,195.88113,185.22401,179.91316
1.6044038627911268,233.28853,202.59698,197.61388,186.44684,181.69139
1.6082745596856771,235.24759,205.23804,199.73126,189.41954,183.66756
1.6121452565802272,237.14197,206.5971,202.01163,191.56671,186.38986
1.6160159534747778,239.69948,209.16325,204.9211,194.90016,189.00354
1.6198866503693283,242.13258,211.9882,207.93329,197.98233,192.81725
1.6237573472638784,244.26755,215.20454,210.91077,201.2051,196.20378
1.6276280441584288,248.27948,218.13498,214.97267,204.6423,199.61702
1.6314987410529793,252.04268,221.15938,219.0958,209.1455,203.85104
1.6353694379475296,255.65608,225.4785,223.32596,213.679,209.19466
1.6392401348420798,261.02692,230.43259,228.74419,219.30353,214.38347
1.6431108317366303,265.42236,236.12553,234.07526,224.80975,220.21658
1.6469815286311809,270.03247,241.44542,239.97887,230.96431,226.27544
1.6508522255257312,276.16223,247.63329,247.15367,238.02084,233.10634
1.6547229224202813,282.37534,253.86958,254.15997,244.90543,240.67476
1.6585936193148318,288.9943,260.6975,262.22638,253.49234,249.75563
1.6624643162093822,295.9051,267.27963,270.5564,261.06647,257.81824
1.6663350131039323,303.13574,276.1496,278.81335,269.89896,266.85028
1.6702057099984828,310.13538,283.78333,288.01,278.67102,275.8566
1.6740764068930334,317.18527,290.9426,296.5471,287.97986,284.87735
1.6779471037875837,324.34848,297.3285,305.0623,296.21304,293.7
1.6818178006821338,330.92798,304.6958,312.807,304.49692,302.0698
1.6856884975766844,337.25278,311.3455,320.04538,312.419,309.64798
1.6895591944712347,343.1282,318.3306,326.95474,318.63803,316.74512
1.6934298913657853,348.6046,323.37234,332.44705,325.13498,323.3931
1.6973005882603354,352.1311,328.36575,338.5417,330.6543,328.78476
1.701171285154886,356.1652,331.79553,343.3665,335.67493,333.35715
1.7050419820494362,359.7589,335.17886,346.5285,339.51102,338.16196
1.7089126789439864,361.73352,337.92355,350.402,343.15176,341.26788
1.712783375838537,363.45547,339.7268,353.19318,346.42993,344.9029
1.7166540727330872,366.41,342.87262,356.3631,349.7147,347.71603
1.7205247696276378,368.45883,345.25214,359.53946,352.59476,351.23444
1.724395466522188,371.32767,349.27313,363.5378,357.66357,355.5776
1.7282661634167384,377.98,356.5935,372.49136,367.55505,365.1075
1.7321368603112888,396.7544,376.96805,392.64282,394.39117,388.06937
1.7360075572058393,383.8398,363.36548,380.08395,375.20245,373.0995
1.7398782541003894,391.2745,370.28674,388.53644,383.1947,382.2748
1.7437489509949398,398.30356,378.5725,396.55923,392.1805,391.66702
1.7476196478894903,406.8072,387.26178,406.98914,402.00613,402.18286
1.7514903447840404,417.60175,398.31586,419.32117,414.3891,414.56497
1.755361041678591,429.47922,410.64615,431.76724,427.8368,427.81488
1.7592317385731413,442.4002,423.2917,445.73737,442.8968,443.41473
1.7631024354676919,459.4099,441.0187,465.821,462.02405,463.8361
1.766973132362242,475.38715,458.21518,484.78152,481.67624,483.44684
1.7708438292567923,489.09125,471.22427,499.8796,496.44873,498.3061
1.7747145261513428,499.05484,481.62585,511.3969,506.99542,510.22223
1.778585223045893,504.91394,488.4488,518.5522,514.2247,516.9576
1.7824559199404435,509.01984,492.46286,521.5867,516.8627,519.79663
1.7863266168349938,509.98544,492.3961,519.4524,516.66174,520.13605
1.7901973137295444,505.73602,488.53815,514.4084,509.56488,513.30286
1.7940680106240945,497.869,480.1821,503.62405,499.3894,502.4888
1.7979387075186448,485.20944,467.06158,489.16306,483.4826,486.52194
1.8018094044131954,468.78415,449.62674,469.95563,463.8789,466.41162
1.805680101307746,450.25772,430.35004,448.85498,443.19382,443.76764
1.809550798202296,430.17276,410.4523,426.20682,420.22278,420.75824
1.8134214950968464,413.04022,392.86594,407.11975,400.66605,400.00684
1.817292191991397,423.70175,402.79053,412.32773,410.5513,412.23312
1.821162888885947,403.4965,382.2916,391.5852,389.84406,388.72855
1.8250335857804973,367.20575,345.0462,355.7611,350.25308,348.64926
1.828904282675048,354.90457,334.3534,342.90015,336.99014,335.1964
1.8327749795695985,346.6999,324.28287,333.06393,326.41037,324.76343
1.8366456764641486,336.84415,314.98068,323.80588,316.09674,314.81198
1.8405163733586989,326.44757,305.2545,312.31723,305.50748,302.63187
1.8443870702532494,316.3417,293.92383,300.9338,294.0036,290.83755
1.8482577671477998,307.15698,285.30957,290.76352,283.9726,280.64493
1.8521284640423499,300.23264,277.36295,282.7914,275.31848,271.85455
1.8559991609369004,293.92642,271.33762,275.20868,267.45218,263.8667
1.859869857831451,287.83655,265.11914,267.76434,260.6668,257.9706
1.863740554726001,281.58978,259.1509,260.46506,253.11528,250.40733
1.8676112516205514,276.47443,252.65546,254.69774,246.6315,243.42435
1.871481948515102,271.33896,247.35677,249.45235,240.7319,237.2292
1.8753526454096523,266.33536,242.97406,243.66934,235.50572,231.50511
1.8792233423042024,262.28558,238.69737,238.86842,230.73082,226.86166
1.883094039198753,258.21356,234.72476,234.08307,226.75624,223.00362
1.8869647360933035,254.79439,232.11688,231.41374,223.14487,218.97089
1.8908354329878538,252.77013,229.58456,228.14558,219.48224,215.52826
1.894706129882404,250.30745,226.30864,225.38751,216.5565,212.52469
1.8985768267769545,247.72444,224.07094,222.92482,213.82983,210.33548
1.9024475236715048,245.99763,222.31381,221.82607,212.3696,207.88068
1.906318220566055,245.06311,220.44048,220.22334,210.40668,205.80974
1.9101889174606055,244.03625,218.37685,217.71211,208.83209,203.86119
1.914059614355156,241.85619,216.56302,215.19244,206.5559,202.31126
1.9179303112497064,241.16078,217.13986,214.95573,205.84981,202.06862
1.9218010081442565,239.31438,216.00516,213.2903,204.51266,200.37144
1.925671705038807,239.7137,215.1991,213.75089,204.15782,199.24834
1.9295424019333574,239.17387,214.65741,215.2577,203.65233,198.79305
1.933413098827908,238.05373,212.91429,216.62575,202.05818,196.97592
1.937283795722458,242.08566,215.1486,214.93027,201.89313,197.25214
1.9411544926170086,240.39513,213.83864,211.08171,201.05809,196.26791
1.945025189511559,235.32437,209.63507,207.6569,200.111,194.59938
1.948895886406109,235.1228,209.97626,208.5165,199.62923,195.3156
1.9527665833006596,238.16965,212.68018,210.35576,201.6882,197.48515
1.9566372801952099,237.78249,212.82698,210.62335,201.4322,197.66148
1.9605079770897604,233.15729,209.05435,206.10385,197.68234,194.18077
1.9643786739843105,229.1669,205.90546,203.12762,194.78905,189.73726
1.968249370878861,227.72887,204.40118,201.10403,194.04015,189.20242
1.9721200677734114,227.11192,202.93117,200.59428,192.19698,188.34167
1.975990764667962,226.38197,202.14049,199.69867,191.3928,188.24672
1.979861461562512,225.46141,201.47006,199.53668,190.8169,186.8702
1.9837321584570624,224.79497,201.41331,198.65569,191.04643,186.11761
1.987602855351613,223.79301,200.44153,198.12444,190.06238,185.5147
1.991473552246163,222.75372,199.94347,195.94,188.26382,184.40749
1.9953442491407136,221.92134,198.00764,195.01048,186.40553,182.35706
1.999214946035264,220.46521,196.8633,193.83095,185.74953,180.69888
2.0030856429298143,218.73627,195.91313,192.64894,184.22868,179.9227
2.0069563398243644,217.55727,194.75877,191.84808,183.11447,178.79025
2.010827036718915,216.78688,193.89012,190.96292,182.85773,177.46086
2.0146977336134655,216.28043,193.5426,190.26346,182.30775,176.77815
2.018568430508016,216.29178,193.55121,190.09044,182.23969,177.4617
2.022439127402566,216.7263,192.94687,189.49054,182.11752,177.14099
2.0263098242971167,214.62291,191.67633,188.864,180.98831,175.8071
2.030180521191667,213.885,191.00583,187.9061,179.5103,175.06604
2.034051218086217,212.08432,190.55737,186.48538,178.40852,174.25914
2.0379219149807675,211.96451,189.79915,186.16774,178.0773,173.9031
2.041792611875318,212.05408,189.39261,186.33456,177.78488,173.79518
2.0456633087698686,212.23091,189.28896,186.17548,177.20937,173.49539
2.0495340056644187,211.18272,189.29668,185.59047,177.12094,173.2881
2.0534047025589692,210.43404,188.34447,185.3116,176.52127,172.7093
2.0572753994535193,210.90634,188.74153,185.77962,177.30124,172.97963
2.06114609634807,211.00664,188.79193,185.53583,177.51346,172.80861
2.06501679324262,210.96277,188.74596,185.53131,177.59244,173.1431
2.0688874901371705,210.34354,188.52591,185.51826,177.61815,172.87
2.072758187031721,210.92194,189.05952,185.8316,177.68948,173.49937
2.076628883926271,211.29271,188.79099,185.90143,178.18225,173.77856
2.0804995808208218,210.99388,189.2885,186.45914,178.58038,174.22366
2.084370277715372,211.16765,189.6941,186.50613,178.67865,174.46669
2.0882409746099224,210.45067,189.06657,186.33202,178.61502,174.43504
2.0921116715044725,210.5987,189.07306,186.74292,178.645,174.45052
2.095982368399023,210.94627,189.24254,186.21895,178.74161,175.09166
2.0998530652935736,211.45618,190.27759,187.028,179.64809,175.3183
2.103723762188124,211.6804,190.26247,187.62854,180.02443,175.9466
2.1075944590826743,211.47887,190.78868,187.90338,180.75697,176.47173
2.1114651559772244,211.18474,190.63457,187.41727,180.79494,176.99649
2.115335852871775,211.8793,191.3662,188.57565,181.03314,177.28108
2.119206549766325,212.28677,192.27467,190.14276,181.55069,177.60808
2.1230772466608756,212.49527,192.36487,190.13028,182.10587,178.3776
2.126947943555426,212.75536,192.0378,189.71463,182.23041,178.28479
2.1308186404499767,212.3869,192.67653,190.15736,182.23686,178.80421
2.134689337344527,213.32573,192.8899,190.57393,182.52649,178.75891
2.138560034239077,212.63177,192.60425,190.16289,183.01202,179.34573
2.1424307311336275,212.9372,193.06761,190.93158,183.74892,180.0633
2.146301428028178,213.01913,192.82323,191.42847,183.98845,180.30878
2.150172124922728,213.59691,193.51201,191.53409,184.19725,180.67665
2.1540428218172787,213.25253,193.3057,191.16875,184.76735,180.92726
2.1579135187118292,213.07811,192.8476,191.15753,184.00305,180.60864
2.1617842156063793,212.68427,193.133,191.42516,184.2183,180.30495
2.1656549125009295,212.76396,192.7001,191.09483,184.2997,179.87779
2.16952560939548,212.27419,192.81996,190.9272,183.86673,179.97916
2.1733963062900306,212.56004,192.27185,190.6569,183.4389,179.68697
2.1772670031845807,212.25052,192.4626,190.17995,183.05309,179.98367
2.181137700079131,211.23811,192.21564,190.02444,182.67958,179.61949
2.1850083969736818,211.36266,192.15256,189.24887,182.58632,178.97975
2.188879093868232,210.42531,190.80202,188.99982,181.74911,178.0734
2.192749790762782,209.58911,190.2204,188.50275,181.34251,177.58368
2.1966204876573325,209.01326,189.562,187.66547,180.29735,176.99742
2.200491184551883,207.89233,189.38744,187.31146,180.14142,176.06409
2.204361881446433,207.3466,188.47784,186.59709,179.59863,175.88516
2.2082325783409837,207.49554,187.9215,186.50745,179.05905,175.30345
2.2121032752355343,206.60321,187.82365,185.87875,178.64627,174.77017
2.2159739721300844,206.11978,186.70949,184.94208,177.84464,174.541
2.2198446690246345,205.40317,186.68245,184.36302,177.40318,174.02289
2.223715365919185,204.82362,185.6543,183.8794,177.19304,173.94244
2.2275860628137356,204.11435,185.16043,183.46646,176.73956,173.10043
2.2314567597082857,203.97873,185.06422,183.0485,176.2246,172.56134
2.2353274566028363,203.44463,184.33992,182.23788,175.56693,172.0617
2.239198153497387,202.92422,184.44301,181.8791,175.38463,171.97064
2.243068850391937,202.39024,183.89813,181.3929,175.37032,171.75114
2.246939547286487,201.99802,183.61081,181.20929,174.91615,171.03694
2.2508102441810376,201.40451,183.31007,181.32747,174.7962,170.60861
2.254680941075588,201.00258,182.49637,181.06711,174.34444,170.58307
2.2585516379701387,200.39342,182.74072,180.55498,174.2404,170.30496
2.262422334864689,200.70709,182.20529,180.7015,174.00221,170.64717
2.2662930317592394,200.21207,181.84396,180.20874,174.44084,170.13165
2.2701637286537895,200.08975,181.97481,180.20714,174.28056,170.17604
2.2740344255483396,200.03302,181.94516,180.10251,174.25182,170.36429
2.27790512244289,199.60497,182.2106,180.21696,174.02103,169.86682
2.2817758193374407,199.47856,181.7588,180.42928,173.2479,169.39737
2.285646516231991,199.15526,181.35577,180.12044,173.36113,169.74493
2.2895172131265413,198.77202,181.2504,180.02957,173.02463,169.37546
2.293387910021092,199.08548,181.31012,179.91864,173.6299,170.22348
2.297258606915642,199.31451,181.67021,180.53615,173.92917,170.09668
2.3011293038101925,199.02844,181.94385,179.98918,173.83005,170.5285
2.3050000007047426,199.4212,181.71269,180.7445,174.363,170.76422
2.308870697599293,199.97513,182.51755,181.10179,174.67468,171.47005
2.3127413944938437,199.61725,182.1363,180.47807,174.52258,170.75713
2.316612091388394,198.76161,181.24861,179.7249,174.38524,170.67708
2.3204827882829444,197.66599,180.8751,179.39972,173.54633,170.44696
2.3243534851774945,198.08676,181.11998,179.4804,173.6156,170.3877
2.328224182072045,200.0883,180.76923,179.61124,173.05696,170.4377
2.332094878966595,201.7445,180.42519,179.58083,173.27689,171.03378
2.3359655758611457,198.69966,180.10149,179.65683,173.92058,170.59572
2.3398362727556963,197.02344,180.37247,179.61414,174.183,170.4889
2.343706969650247,197.40399,180.8391,180.35735,174.25764,170.70528
2.347577666544797,196.9734,181.40092,180.36534,174.41652,171.43118
2.351448363439347,197.09604,181.33952,180.35614,174.5327,171.5521
2.3553190603338976,197.59981,181.3675,180.85301,174.97865,172.49718
2.3591897572284477,198.95168,182.5461,182.03099,176.56398,173.59636
2.3630604541229983,200.02827,184.15784,183.46928,178.01794,174.58025
2.366931151017549,200.01553,185.14462,185.07309,179.22491,176.03467
2.3708018479120994,201.6549,186.23982,186.1209,179.77467,176.87413
2.3746725448066495,202.19571,187.3096,186.56061,181.30103,178.16104
2.3785432417011996,203.05994,187.41475,187.26373,181.975,179.02374
2.38241393859575,204.21536,188.50102,188.2895,182.74335,180.45538
2.3862846354903007,204.8579,188.687,189.87984,183.2632,181.08272
2.390155332384851,205.10124,189.77306,190.30841,184.91724,181.7795
2.3940260292794013,205.72104,191.06416,191.38045,186.05742,182.56502
2.397896726173952,207.23251,191.99014,192.12761,187.38496,184.06857
2.401767423068502,208.61343,193.21776,193.75677,188.39333,185.51534
2.4056381199630525,209.96364,194.19682,195.82811,190.15657,187.4378
2.4095088168576027,210.8781,195.84642,197.38687,192.13922,189.31245
2.413379513752153,212.60345,197.71901,199.66743,194.65346,191.62134
2.4172502106467033,214.49919,199.79341,201.18889,196.3285,193.84392
2.421120907541254,217.13965,201.10228,203.74059,199.24736,196.23865
2.4249916044358044,218.61711,204.02338,206.16309,202.06915,198.93736
2.428862301330355,220.88913,206.61916,209.51758,204.84337,201.74242
2.432732998224905,223.47298,208.9844,212.06703,207.9173,205.37125
2.436603695119455,225.50374,211.87563,214.69568,210.52884,208.26115
2.4404743920140057,228.04654,214.77654,218.3926,213.77562,212.07643
2.444345088908556,230.5504,217.71098,221.3672,217.39508,215.13684
2.4482157858031064,233.44052,219.92766,224.7414,220.3053,217.62173
2.452086482697657,235.7126,222.67145,227.98401,223.22133,222.03691
2.4559571795922075,238.65869,225.11826,230.61234,226.13116,224.56398
2.4598278764867576,240.55724,227.49739,233.04062,228.64693,227.02806
2.4636985733813077,242.30177,229.74612,235.14828,230.93118,229.6536
2.4675692702758583,243.21548,230.59085,236.6434,232.00127,231.58984
2.471439967170409,244.60919,231.6516,237.66696,234.02567,232.3323
2.475310664064959,244.9476,232.97061,238.73613,234.72505,232.94543
2.4791813609595095,245.84782,233.41348,238.8915,235.12613,233.924
2.48305205785406,244.72652,232.57135,238.62094,234.62659,233.40703
2.48692275474861,244.21284,232.5781,238.29564,233.34497,232.76604
2.4907934516431602,242.93246,231.95592,236.56514,232.94408,231.08643
2.494664148537711,242.13925,230.05452,234.64401,231.0608,229.63889
2.4985348454322613,240.21065,228.61975,233.21765,229.07426,227.89221
2.5024055423268114,238.66624,226.13614,231.19536,227.11122,225.62312
2.506276239221362,237.0124,224.60622,228.96342,225.34229,223.39656
2.5101469361159126,234.55928,222.55132,226.08473,222.30136,220.6263
2.5140176330104627,232.72612,220.03087,225.2177,220.37132,218.3041
2.5178883299050128,230.8532,218.32088,222.43974,218.54024,216.11845
2.5217590267995633,228.76015,216.77281,220.88673,216.41821,213.77124
2.525629723694114,227.51941,214.82648,218.82387,214.45393,211.24648
2.529500420588664,225.52159,213.05812,216.44173,212.0567,209.9051
2.5333711174832145,224.68571,211.91006,215.00102,210.44547,208.66936
2.537241814377765,223.49695,210.0421,213.32816,209.1954,207.08978
2.541112511272315,221.55783,209.09946,211.95012,208.17955,205.64592
2.5449832081668653,220.4956,207.74338,210.9542,206.81158,204.07663
2.548853905061416,219.15636,207.21976,209.9711,205.97968,203.54245
2.5527246019559664,219.69452,206.57384,209.46072,204.64404,202.5118
2.556595298850517,219.12932,205.4189,208.21123,204.11949,201.88081
2.560465995745067,218.22647,205.16663,208.36833,203.77934,202.02011
2.5643366926396176,217.85141,204.79623,207.6236,203.31847,201.11948
2.5682073895341677,217.25923,204.6402,207.46625,203.29982,200.62634
2.572078086428718,216.4954,204.74956,207.15125,202.90042,200.28926
2.5759487833232684,216.71454,204.75047,206.67857,202.40164,200.04439
2.579819480217819,216.85855,204.39563,206.37535,201.69298,199.6098
2.5836901771123695,216.21812,203.94753,205.66524,201.92375,199.2123
2.5875608740069196,215.7475,203.18123,205.60135,201.19919,198.9927
2.59143157090147,215.142,203.05222,205.50238,201.31299,198.74913
2.5953022677960202,215.68637,202.31395,205.46773,200.96619,198.67032
2.599172964690571,215.2589,202.28479,205.21414,200.41434,197.98358
2.603043661585121,215.52824,202.47409,204.29015,200.10683,198.2243
2.6069143584796715,214.6983,202.73892,205.11327,199.99252,197.98015
2.610785055374222,214.64172,202.78372,204.34222,200.24593,197.8579
2.614655752268772,214.88525,202.95374,204.21747,199.63383,197.7253
2.6185264491633227,214.6196,202.64616,204.24535,200.31984,197.98196
2.6223971460578728,214.70268,202.94267,204.47916,200.39886,198.23637
2.6262678429524233,214.35426,202.6277,204.25246,199.8586,198.21468
2.6301385398469734,214.13748,202.42514,204.68228,200.36649,197.49803
2.634009236741524,214.155,202.55455,204.56181,200.06741,197.63084
2.6378799336360745,214.05441,202.4574,204.99603,200.63249,198.2625
2.641750630530625,214.85861,202.70296,205.0653,201.1302,198.41454
2.645621327425175,214.74278,203.1183,204.8864,200.94533,198.87508
2.6494920243197253,214.48636,202.89113,204.963,201.10231,198.59912
2.653362721214276,214.67929,203.09785,205.25758,201.23729,198.75984
2.657233418108826,214.60316,202.7805,205.32098,201.27582,198.80495
2.6611041150033765,214.80864,202.94807,205.57454,201.41653,199.32738
2.664974811897927,214.52805,202.50839,205.50603,201.57367,199.25806
2.6688455087924776,214.50444,202.88423,205.67342,201.4131,198.87375
2.6727162056870277,215.42155,203.4177,206.43182,202.25366,200.28616
2.676586902581578,214.4462,202.66858,205.57866,201.46317,199.57574
2.6804575994761284,214.3111,202.9455,205.09062,201.85492,199.2914
2.684328296370679,213.99454,203.1852,205.75348,201.9335,199.58072
2.688198993265229,213.7048,203.0429,205.67395,202.00726,199.19724
2.6920696901597796,213.85565,203.20328,205.68842,202.17998,200.01648
2.69594038705433,213.52626,202.1955,205.6443,201.90308,199.63193
2.6998110839488803,213.70306,202.42122,205.91264,201.53615,199.06494
2.7036817808434304,214.18315,203.0559,205.74652,201.88524,199.48575
2.707552477737981,213.87337,202.6775,205.51965,202.11104,199.52977
2.7114231746325315,214.22302,202.64137,205.44382,202.35347,200.30443
2.7152938715270816,213.60387,203.49579,206.4508,201.98917,199.86691
2.719164568421632,214.20486,202.96239,206.33276,202.54602,199.9397
2.7230352653161827,213.52673,203.01524,206.21213,202.38594,200.30167
2.726905962210733,214.05815,203.19138,205.90804,202.55324,200.25264
2.730776659105283,214.17224,203.70174,206.38406,202.61517,200.29976
2.7346473559998334,214.83061,203.31218,205.56815,202.73839,200.7704
2.738518052894384,214.45331,203.3718,206.40297,203.48228,201.45378
2.742388749788934,214.65773,203.69133,206.71483,203.92616,201.35791
2.7462594466834847,213.9061,204.26851,206.91527,203.84625,201.6612
2.750130143578035,214.4012,204.27094,206.8374,204.11491,201.39824
2.7540008404725853,214.2154,204.45857,207.50816,203.89168,201.72795
2.7578715373671354,214.33798,204.46094,207.50249,204.1058,201.93153
2.761742234261686,214.90082,204.59381,207.86685,204.60681,202.27798
2.7656129311562365,214.85521,203.9875,207.55861,204.5121,202.29266
2.7694836280507866,215.17912,204.62057,208.09662,204.36435,202.39212
2.773354324945337,214.5747,205.08794,208.49811,204.7217,202.95288
2.7772250218398877,214.6929,204.9146,208.34283,205.17116,202.56294
2.781095718734438,215.02438,205.2011,208.23204,204.95241,203.23012
2.784966415628988,215.23741,204.86784,208.72179,205.21017,202.8971
2.7888371125235385,215.17947,205.1427,208.5052,205.9299,203.5325
2.792707809418089,215.45908,204.99774,208.95485,205.59514,203.46379
2.7965785063126396,215.356,205.40733,209.27065,205.4437,203.49272
2.8004492032071897,214.78809,205.45319,209.19215,204.78029,203.80994
2.8043199001017403,214.80043,204.73367,208.30489,205.21371,203.38425
2.8081905969962904,214.94366,205.50186,208.80418,205.12323,203.19911
2.8120612938908405,215.08138,205.80481,209.24857,205.83194,204.33455
2.815931990785391,214.90637,205.45125,209.15044,205.62663,204.04344
2.8198026876799416,214.43866,205.8599,208.87624,206.1721,204.4718
2.823673384574492,214.72778,205.86693,209.33022,206.10432,204.28607
2.8275440814690422,215.58139,206.00002,209.8441,206.57457,204.9684
2.831414778363593,216.40294,207.13287,211.61688,207.66376,206.7307
2.835285475258143,218.73795,209.19514,212.87877,209.96513,207.59224
2.8391561721526934,220.6231,211.62474,215.85661,212.3032,210.62979
2.8430268690472436,221.00659,211.42198,216.20668,212.8786,211.09406
2.846897565941794,221.68748,213.08278,217.03986,213.83893,211.9164
2.8507682628363447,223.62854,214.88226,218.93794,215.82349,214.56947
2.8546389597308948,223.4684,215.12242,219.15053,215.85907,214.5515
2.8585096566254453,222.07085,213.6386,217.12569,214.7246,212.82283
2.8623803535199954,220.86166,212.65515,215.7342,213.26445,211.31334
2.866251050414546,219.6124,211.46436,214.84691,211.84966,210.07028
2.870121747309096,219.06998,210.369,214.5583,210.99706,208.68973
2.8739924442036466,218.45316,209.36876,213.44063,210.33034,208.92267
2.877863141098197,217.55807,209.1998,212.68694,209.67471,208.47346
2.8817338379927477,217.22997,208.40996,212.09741,208.96648,207.48091
2.885604534887298,216.32668,207.53157,211.11,208.12964,206.33014
2.889475231781848,215.39684,207.24683,210.60645,207.71834,206.08646
2.8933459286763985,214.96877,206.84279,210.57814,206.90398,205.88852
2.8972166255709486,214.95708,206.45291,210.32198,207.0227,205.81433
2.901087322465499,214.91916,206.47191,210.61273,207.68228,205.82011
2.9049580193600497,215.28065,206.42635,210.7057,207.37842,205.28117
2.9088287162546003,214.8123,206.42624,209.91336,206.84045,205.66498
2.9126994131491504,215.07632,205.97713,210.01834,207.13417,205.46103
2.9165701100437005,215.10587,206.11133,210.60423,207.84018,205.06703
2.920440806938251,214.61304,206.22739,210.37451,207.17018,204.8877
2.9243115038328016,214.86511,206.79248,210.11046,207.38599,205.70178
2.9281822007273517,214.48567,206.82343,211.12712,207.47136,205.08185
2.9320528976219022,214.57584,206.8251,209.69673,207.40074,205.75038
2.935923594516453,214.9069,206.98659,210.64539,207.23419,205.62404
2.939794291411003,214.82663,206.37675,210.0773,207.85448,205.80215
2.943664988305553,215.59727,207.24184,210.71684,208.71414,206.19675
2.9475356852001036,215.68349,207.6769,210.89487,208.01848,205.97154
2.951406382094654,215.69473,207.48705,210.25743,207.51262,205.65315
2.955277078989204,215.14027,207.0023,210.40654,207.69783,206.05498
2.9591477758837548,214.81892,206.93074,210.49818,207.96579,205.15974
2.9630184727783053,214.73787,207.4603,210.34918,207.55309,206.10628
2.9668891696728554,215.0139,207.71179,211.17159,208.21236,206.2006
2.9707598665674055,215.27309,207.61247,211.1773,208.33456,206.62617
2.974630563461956,215.49855,207.64113,211.11513,208.05142,206.66852
2.9785012603565066,215.31976,207.78247,211.19833,208.32425,206.64745
2.9823719572510567,215.58826,208.04445,210.88547,208.65659,207.21759
2.9862426541456073,215.7838,208.05363,211.27652,208.51651,206.99664
2.990113351040158,215.4609,208.49034,211.36888,208.88232,207.29924
2.993984047934708,216.46553,208.78618,212.47112,210.04274,207.95169
2.997854744829258,220.5268,211.9031,216.02534,212.59181,212.07779
3.0017254417238086,222.55179,214.25542,218.5961,215.90306,213.90239
3.005596138618359,224.1858,216.55508,221.1487,218.11212,216.02959
3.0094668355129097,225.90762,218.00117,222.60928,220.02878,218.13835
3.01333753240746,227.40405,220.6756,223.88397,221.25674,219.72144
3.0172082293020104,229.11353,222.1386,225.13722,223.40106,222.34555
3.0210789261965605,230.12257,223.65726,226.45816,224.36925,223.08643
3.0249496230911106,231.26286,225.19156,228.9411,226.44754,224.31075
3.028820319985661,232.96527,225.75598,230.59341,227.80748,225.89935
3.0326910168802117,234.61972,227.47176,231.26622,229.34113,227.32735
3.0365617137747623,236.51323,229.5981,233.09442,230.82057,228.72957
3.0404324106693124,237.88649,231.52432,234.9449,232.76472,230.62912
3.044303107563863,237.97029,231.93713,235.94928,233.725,231.73721
3.048173804458413,238.8986,232.54016,237.07472,234.50293,232.69395
3.0520445013529636,239.75575,233.34827,238.08946,235.51918,233.47835
3.0559151982475137,241.47253,234.74797,239.90747,236.7395,234.7001
3.0597858951420642,242.16193,236.19974,241.1318,238.7084,236.42697
3.063656592036615,242.9559,237.30292,241.83069,239.38159,237.35309
3.067527288931165,243.96486,238.49709,243.54706,240.93092,239.45688
3.0713979858257154,246.30882,239.4148,244.4715,242.3936,240.91158
3.0752686827202655,247.58708,241.13388,245.7801,243.90213,241.09425
3.079139379614816,248.83078,242.183,247.2172,244.79227,242.39244
3.083010076509366,250.32791,243.60425,248.47897,247.26944,243.7769
3.0868807734039168,251.23544,245.03117,250.42508,248.69627,245.35791
3.0907514702984673,252.06592,246.08539,250.98184,249.4933,247.43599
3.094622167193018,253.15393,247.87384,253.07053,252.31198,248.79303
3.098492864087568,255.16452,248.78392,254.60265,253.78368,250.51933
3.102363560982118,255.85275,250.5196,255.93839,254.20604,252.24435
3.1062342578766686,257.5987,252.495,257.99167,256.19226,253.65285
3.1101049547712187,259.39478,253.2277,259.8549,257.83542,255.63286
3.1139756516657693,261.07617,254.76604,260.72232,258.7388,256.68845
3.11784634856032,261.73434,256.62863,262.97357,260.8477,258.36597
3.1217170454548704,263.91287,258.6075,264.26407,263.27075,260.34634
3.1255877423494205,265.1447,260.07108,265.6127,264.9467,262.09714
3.1294584392439706,266.6998,261.1634,267.13907,265.44208,264.34494
3.133329136138521,268.27597,263.01187,269.85806,267.69028,266.01065
3.1371998330330717,269.3984,264.48193,270.87506,269.3742,267.3786
3.141070529927622,270.37347,265.8304,272.58337,270.86002,268.15973
3.1449412268221724,271.74738,268.3134,273.9338,272.72037,270.57617
3.148811923716723,273.54666,269.78506,276.0601,274.80704,272.73035
3.152682620611273,275.34586,270.53357,277.82544,276.7045,274.03952
3.156553317505823,276.39554,272.62836,278.726,277.9295,276.25534
3.1604240144003737,278.75287,274.22763,280.7848,279.47086,277.13773
3.1642947112949242,278.2086,274.28622,280.6468,280.49313,277.95572
3.1681654081894743,279.32123,275.0246,281.5052,281.38986,279.15286
3.172036105084025,279.50073,274.99545,282.51868,281.60477,279.3411
3.1759068019785754,279.44666,274.931,283.1719,281.8648,279.48767
3.1797774988731256,279.4741,276.39694,282.9043,282.41644,280.3363
3.1836481957676757,280.08096,276.22018,284.58517,282.35153,280.88065
3.187518892662226,281.51025,277.80576,284.78827,283.31387,281.41034
3.1913895895567768,282.73676,279.6384,286.80414,284.99493,283.95386
3.195260286451327,284.70364,281.09378,287.45776,287.0651,284.8138
3.1991309833458774,284.8667,281.81454,288.42227,288.55838,286.10724
3.203001680240428,284.65768,281.7063,287.96442,287.87296,285.0835
3.206872377134978,283.7017,280.37332,287.7917,287.83136,285.1039
3.2107430740295286,283.5195,280.00574,287.8129,286.15125,283.6138
3.214613770924079,282.4777,279.18073,286.6717,285.63428,283.1042
3.218484467818629,281.27942,278.8001,284.88318,284.56863,282.81284
3.2223551647131794,280.83142,278.65753,285.1655,285.13815,282.39514
3.22622586160773,280.76947,278.47318,285.55695,284.82172,282.01398
3.2300965585022805,280.09082,278.60995,285.08432,284.46136,281.53732
3.2339672553968306,282.18158,280.0339,286.43604,286.1111,285.77426
3.237837952291381,284.35315,282.71066,288.93652,288.42316,286.53577
3.2417086491859317,288.0574,285.6425,292.39594,292.1551,289.65
3.2455793460804814,290.0327,288.19983,295.6119,295.30685,293.35706
3.249450042975032,292.2647,291.52203,298.3277,297.3683,295.6948
3.2533207398695825,295.24643,293.6508,301.8574,301.2234,299.77686
3.257191436764133,298.30423,297.27335,304.21924,304.62146,302.41745
3.261062133658683,301.73227,300.01123,307.3997,308.09134,306.1553
3.2649328305532337,303.05807,301.51602,309.358,310.38766,308.12128
3.2688035274477842,303.71228,302.42776,311.4612,310.33636,308.12988
3.272674224342334,305.09354,304.12595,312.65714,312.7988,311.09515
3.2765449212368845,307.9882,307.1079,315.75644,315.30527,311.78802
3.280415618131435,309.97952,309.45355,317.8203,317.91336,314.58075
3.2842863150259856,312.2117,312.0547,319.69208,320.4548,316.6936
3.2881570119205357,314.34814,314.3866,322.2493,322.81622,318.94904
3.292027708815086,316.01733,316.14328,324.4582,325.30432,322.61542
3.2958984057096368,318.20218,318.67007,326.19604,327.04062,324.49506
3.2997691026041873,321.50266,320.28802,329.49237,329.80756,327.75516
3.303639799498737,322.9163,322.57852,330.74442,331.1613,329.07407
3.3075104963932875,324.53842,324.62955,332.4983,333.7768,331.00348
3.311381193287838,326.08936,326.36002,333.97397,336.66702,333.31458
3.315251890182388,327.57275,327.80084,336.76437,337.48257,335.10074
3.3191225870769387,328.10046,330.25674,339.06195,339.0825,337.63858
3.3229932839714893,330.07468,332.00204,341.013,342.2933,339.44427
3.32686398086604,333.32007,334.29016,343.18198,344.225,340.63025
3.3307346777605895,608.5248,619.27527,621.2818,602.8555,581.00977
3.33460537465514,1877.3566,1894.6454,1892.5455,1863.9636,1832.7214
3.3384760715496906,337.39142,338.31647,348.75916,349.03528,347.78363
3.3423467684442407,338.51337,340.62955,349.35992,350.73352,347.66696
3.3462174653387913,340.965,342.28763,351.44553,351.53864,348.25482
3.350088162233342,341.85196,342.36954,351.8633,351.79303,349.32544
3.3539588591278924,342.8319,342.00693,352.49695,352.06747,349.79767
3.357829556022442,342.29282,342.01816,351.39816,353.86584,349.21365
3.3617002529169926,340.4377,343.0636,350.9495,352.5965,349.19055
3.365570949811543,340.0806,342.6893,350.08264,352.23856,348.19492
3.3694416467060933,339.0353,341.03064,350.317,352.17184,348.17627
3.373312343600644,338.93207,340.3672,349.72812,350.70242,347.4804
3.3771830404951944,338.49823,339.70847,350.22006,349.74658,347.22467
3.381053737389745,338.18695,340.13992,349.27274,348.52487,346.4266
3.3849244342842955,337.57462,339.57468,346.81314,350.0124,346.27905
3.388795131178845,336.0712,338.88754,347.37943,349.91156,345.787
3.3926658280733957,335.44165,338.37985,347.27356,348.96484,345.4051
3.396536524967946,334.1729,337.34555,346.46286,346.94766,344.85062
3.4004072218624963,332.86356,334.29007,344.39505,345.23117,342.87735
3.404277918757047,332.67886,333.75934,344.11676,344.15707,340.8027
3.4081486156515974,331.98047,333.80457,341.8369,343.11557,340.4546
3.412019312546148,330.811,330.82565,340.61063,341.51,339.01065
3.4158900094406976,329.17627,329.5146,339.72,342.12943,338.70837
3.419760706335248,327.6526,328.36414,339.2582,339.53857,336.83652
3.4236314032297983,326.7201,328.96295,338.78366,338.98193,335.25357
3.427502100124349,326.23383,327.4649,336.76196,338.07886,334.52396
3.4313727970188994,324.85486,325.58804,335.90598,338.15436,334.17078
3.43524349391345,322.95367,325.5706,334.3482,335.24063,333.01376
3.4391141908080005,323.3569,324.23938,332.40195,334.487,332.02658
3.44298488770255,322.16257,324.08527,331.4792,333.32303,330.53873
3.4468555845971007,320.85855,323.1532,330.20065,331.7327,328.44534
3.450726281491651,319.89197,320.0449,329.87814,329.54013,328.33026
3.4545969783862014,316.90393,318.3577,327.95108,328.61224,326.42752
3.458467675280752,315.40262,316.3909,325.66138,327.6851,323.39365
3.4623383721753025,314.27005,314.0381,323.05026,324.11197,321.57663
3.466209069069853,311.7539,312.72504,321.74664,322.5647,319.64465
3.470079765964403,311.00082,311.48746,319.50262,323.32553,318.72495
3.4739504628589533,310.23032,310.15442,320.77426,321.21155,317.61243
3.4778211597535034,310.1301,309.71155,319.41922,319.4059,315.27533
3.481691856648054,308.18573,308.92712,317.7003,316.7588,313.45166
3.4855625535426045,305.6095,306.4087,315.11374,316.64465,311.66174
3.489433250437155,304.04968,303.9042,313.16754,314.50946,310.6435
3.4933039473317056,302.16498,303.11194,312.74237,312.9123,310.28275
3.4971746442262557,301.02786,301.877,309.89297,311.11557,308.18182
3.501045341120806,300.31598,299.38376,308.5337,309.6053,306.55548
3.504916038015356,298.56674,297.31537,308.65787,307.12442,305.32074
3.5087867349099064,297.66232,296.58743,306.83896,306.39008,305.20993
3.512657431804457,296.85434,296.38422,304.52246,304.7087,302.2933
3.5165281286990075,295.36392,295.04672,304.06516,303.4549,300.88568
3.520398825593558,293.75293,295.3909,302.6066,303.23013,301.30746
3.524269522488108,293.52997,293.1925,301.44162,301.27588,299.0567
3.5281402193826583,292.7067,291.3652,299.23132,298.89597,298.62097
3.5320109162772084,289.41293,291.61038,298.46927,299.37305,296.3423
3.535881613171759,290.5728,290.1394,297.3927,297.75317,295.97192
3.5397523100663095,287.0259,287.88684,296.04944,296.36163,294.2549
3.54362300696086,286.913,287.47452,295.58224,295.57166,292.3136
3.5474937038554106,287.87787,285.39447,295.04276,294.18845,292.07883
3.5513644007499607,285.9344,285.74902,294.10565,292.62238,291.34204
3.555235097644511,283.58267,285.11987,292.1678,293.21115,291.4131
3.559105794539061,281.87646,283.67386,292.1674,291.99802,290.55634
3.5629764914336115,284.9261,282.43402,290.04565,290.13245,289.19244
3.566847188328162,283.597,281.46347,289.05814,291.39377,287.61957
3.5707178852227126,281.34525,280.22354,289.26266,290.24332,288.1487
3.574588582117263,279.2468,280.7516,288.84763,288.87976,285.67404
3.5784592790118133,279.28766,278.27838,287.70026,288.22638,285.69128
3.582329975906364,278.4534,279.29282,285.77612,286.09384,284.73395
3.5862006728009135,277.99527,277.4575,285.1269,287.82077,283.0466
3.590071369695464,277.5469,276.8881,285.566,285.6683,284.64536
3.5939420665900146,276.9118,278.11505,285.41754,283.38925,282.32855
3.597812763484565,276.75812,276.7889,284.43137,284.76242,282.80392
3.6016834603791157,276.2806,274.20532,282.53604,285.37418,281.386
3.605554157273666,273.86618,275.52744,284.14197,282.63882,280.9374
3.6094248541682163,274.3116,275.75626,282.50812,281.35245,280.22955
3.613295551062766,273.69193,273.70642,281.43674,281.06775,278.57224
3.6171662479573166,273.29645,273.588,281.4463,280.66302,279.83917
3.621036944851867,271.8914,270.92645,279.46017,281.35464,277.90817
3.6249076417464177,268.87494,270.0947,277.48303,279.60797,277.0006
3.628778338640968,268.4,269.39005,277.918,278.87637,277.14645
3.6326490355355183,269.3766,272.04175,277.62833,277.16733,275.83575
3.636519732430069,267.79465,267.23282,275.46317,276.07098,274.36743
3.6403904293246185,267.82477,267.83426,276.34192,275.35178,274.85898
3.644261126219169,266.74402,268.27484,273.45306,273.3963,273.1659
3.6481318231137196,265.96527,266.76,274.81244,274.63364,271.11337
3.65200252000827,264.85797,266.1428,272.82846,274.30017,272.23978
3.6558732169028207,264.39233,265.22668,270.13162,272.491,271.32828
3.659743913797371,262.41425,263.972,270.49957,272.55664,269.7825
3.6636146106919214,263.96613,261.22107,269.90097,270.30637,267.4746
3.667485307586472,261.78906,259.96964,270.0459,268.1175,266.9404
3.6713560044810216,258.31186,259.13718,267.33173,266.38574,267.1154
3.675226701375572,258.16702,258.34726,265.13538,266.2955,264.59616
3.6790973982701227,257.24097,257.2378,264.69885,262.4571,264.46936
3.6829680951646733,253.72018,255.86418,263.4531,263.52924,261.018
3.6868387920592234,254.39183,255.5164,263.2741,264.26688,261.63754
3.690709488953774,252.87451,254.55023,261.94452,263.3094,258.3474
3.6945801858483245,252.20747,253.28654,257.48856,260.40887,259.214
3.698450882742874,251.70517,250.69626,258.53177,259.92776,258.34918
3.7023215796374247,249.40358,249.38081,257.92966,260.59427,258.08575
3.7061922765319752,248.85425,249.76773,259.1733,258.0804,255.55104
3.710062973426526,246.42137,250.03928,256.207,256.02588,254.18678
3.713933670321076,246.786,247.64737,255.62451,255.87437,254.1371
3.7178043672156265,246.03166,246.39238,254.17291,254.17134,250.93526
3.721675064110177,244.44658,245.34839,252.96101,250.21478,251.41098
3.7255457610047267,241.6425,244.26044,249.60873,253.40582,251.24843
3.7294164578992772,240.64421,241.9052,252.31682,251.59035,248.74974
3.7332871547938278,241.06091,240.93349,248.06831,250.7879,249.75993
3.7371578516883783,239.95122,240.64587,247.55064,248.94794,247.02092
3.7410285485829284,240.39343,237.56921,246.49832,247.09912,247.10892
3.744899245477479,236.82227,240.21405,246.46207,248.01071,243.24422
3.7487699423720295,237.60034,238.53,243.3099,245.01761,242.59962
3.75264063926658,237.70184,237.46838,246.21935,244.47346,245.72562
3.7565113361611298,231.73357,237.49239,243.76682,244.72168,242.755
3.7603820330556803,232.448,237.65958,244.08804,242.08934,239.97551
3.764252729950231,232.74661,235.35304,240.5396,241.98117,242.02063
3.768123426844781,233.35472,230.56445,240.62985,241.92982,241.41705
3.7719941237393315,232.47467,230.43874,239.43393,239.0872,238.49156
3.775864820633882,226.90988,233.31583,238.92043,238.51076,239.10732
3.7797355175284326,230.56511,229.26501,236.71227,241.6189,237.13599
3.7836062144229823,226.28386,230.92726,237.05257,238.94124,235.5792
3.787476911317533,226.04756,230.1312,234.0819,237.24094,238.12198
3.7913476082120834,223.92741,229.63301,236.91022,236.49304,237.71027
3.7952183051066335,224.37439,228.08286,237.17351,235.52975,233.61563
3.799089002001184,221.01273,226.83551,234.12746,234.27928,233.50604
3.8029596988957346,224.46008,225.20251,234.39192,237.3895,232.07959
3.806830395790285,221.55325,224.70798,233.86395,233.56824,236.59464
3.810701092684835,220.684,223.43979,231.29727,234.36363,232.99277
3.8145717895793854,221.3014,226.08893,230.45042,229.81554,231.11221
3.818442486473936,221.5494,225.49437,234.4317,231.534,230.47011
3.822313183368486,220.13504,222.81581,233.07368,232.78188,233.07802
3.8261838802630366,216.84915,218.05205,227.36058,229.1455,232.70961
3.830054577157587,216.47186,220.53862,227.79694,233.88515,229.54193
3.8339252740521377,218.54066,218.61444,227.65701,230.17,228.49995
3.8377959709466882,217.0303,215.93532,227.86766,228.0439,227.00667
3.841666667841238,217.70338,216.04105,234.3077,227.03716,223.89282
3.8455373647357884,216.50891,217.45609,228.3558,223.41583,224.9569
3.8494080616303386,216.68446,213.2544,227.94151,230.84564,225.1631
3.853278758524889,215.5181,217.49042,228.5182,226.03244,224.92928
3.8571494554194397,210.98282,214.70706,222.68091,226.7874,228.3436
3.86102015231399,212.93237,214.7361,232.16446,233.28519,224.24997
3.8648908492085408,210.65013,220.10411,233.764,226.59073,230.93968
3.8687615461030904,204.39226,202.97043,207.00163,216.29945,211.93532
